<?xml version = "1.0" encoding = "utf-8" ?>
<component name = "start_screen" extends = "Group" >
  <script type="text/brightscript" uri="pkg:/components/screens/start_screen.brs" />
  <interface> 
   <field id="categories_button_pressed"
		    type="int"
		    alwaysnotify="true"
		    alias="categories_button.buttonSelected" />
    <field id="wishlist_button_pressed"
		    type="int"
		    alwaysnotify="true"
		    alias="wishlist_button.buttonSelected" />
  </interface>
  <children>
    <!-- <Poster
      id="background"
      translation="[0, 0]"
      width="1920"
      height="1080"
      uri="http://192.168.18.82:8080/images/background.jpg" /> -->
    <Label
      id="roku_title"
      text="Roku"
      translation="[750, 900]"
      font="font:Outfit-Bold">
    <Font role="font" uri = "pkg:/fonts/Outfit-Bold.ttf" size="100"/>
    </Label>
    <Label
      id="sudoku_title"
      text="s u d o k u"
      translation="[600, 900]"
      font="font:Outfit-Light">
    <Font role="font" uri = "pkg:/fonts/Outfit-Light.ttf" size="50"/>
    </Label>
    <Button
      id="categories_button"
      text="Categories"
      translation="[500, 600]"
      iconUri=""
      focusedIconUri=""
      maxWidth="500"
      minWidth="100"
      height="150"/>
    <Button
      id="wishlist_button"
      text="Wishlist"
      translation="[1000, 600]"
      iconUri=""
      focusedIconUri="" 
      maxWidth="500"
      minWidth="100"
      height="150"/>
  </children>
</component>