<?xml version = "1.0" encoding = "utf-8" ?> 
<component name = "category_select_screen" extends = "Group" initialFocus = "category_list" >
  <script type="text/brightscript" uri="pkg:/components/screens/category_select_screen.brs" />
  <interface>
    <field id="category_selected" type="assocarray" alias="category_row.itemSelected" onChange="onItemSelect" />
    <field id="selected_category_content" type="string" />
  </interface>
  <children >
    <RowList 
      id = "category_row" 
      translation = "[ -10, -50 ]" 
      itemComponentName = "CategorySelectItem" 
      numRows = "1" 
      itemSize = "[ 1997, 1123 ]" 
      rowItemSize = "[ [1997, 1123] ]" 
      itemSpacing = "[ 0, 0 ]" 
      showRowLabel = "[ true ]" 
      drawFocusFeedback = "true" 
      vertFocusAnimationStyle = "fixedFocusWrap" 
      rowFocusAnimationStyle = "fixedFocusWrap" />
  </children>
</component>
